-- ==========================================
-- SEED DATA SCRIPT FOR RECARDING MONITORING DASHBOARD
-- ==========================================

-- NOTE: Uncomment the CARD and RECARDREQUEST sections below if you are running in a local test schema.

/*
-- 1. SEED DATA FOR CARD TABLE
-- MGRFLAG: 0 = Normal, 1 = Initiated, 2 = Pending, 3 = Completed, 4 = Failed/Rejected
INSERT INTO CARD (CARDNUMBER, MAINCARDNO, CARDTYPE, CARDPRODUCT, CARDSTATUS, MGRFLAG, LASTUPDATEDTIME, CREATEDTIME, APPLICATIONID)
VALUES ('411111XXXXXX1001', NULL, 'PRIMARY', 'Visa Gold', 'CACT', 0, TO_DATE('2026-06-10 09:00:00', 'YYYY-MM-DD HH24:MI:SS'), TO_DATE('2025-01-15 10:00:00', 'YYYY-MM-DD HH24:MI:SS'), 'APP000000001');

INSERT INTO CARD (CARDNUMBER, MAINCARDNO, CARDTYPE, CARDPRODUCT, CARDSTATUS, MGRFLAG, LASTUPDATEDTIME, CREATEDTIME, APPLICATIONID)
VALUES ('411111XXXXXX1002', NULL, 'PRIMARY', 'Visa Platinum', 'CACT', 0, TO_DATE('2026-06-11 09:00:00', 'YYYY-MM-DD HH24:MI:SS'), TO_DATE('2025-02-15 10:00:00', 'YYYY-MM-DD HH24:MI:SS'), 'APP000000002');

INSERT INTO CARD (CARDNUMBER, MAINCARDNO, CARDTYPE, CARDPRODUCT, CARDSTATUS, MGRFLAG, LASTUPDATEDTIME, CREATEDTIME, APPLICATIONID)
VALUES ('411111XXXXXX1003', NULL, 'PRIMARY', 'Mastercard Gold', 'CACT', 1, TO_DATE('2026-06-12 10:00:00', 'YYYY-MM-DD HH24:MI:SS'), TO_DATE('2025-03-20 11:30:00', 'YYYY-MM-DD HH24:MI:SS'), 'APP000000003');

INSERT INTO CARD (CARDNUMBER, MAINCARDNO, CARDTYPE, CARDPRODUCT, CARDSTATUS, MGRFLAG, LASTUPDATEDTIME, CREATEDTIME, APPLICATIONID)
VALUES ('411111XXXXXX1004', NULL, 'PRIMARY', 'Mastercard Platinum', 'CACT', 1, TO_DATE('2026-06-12 10:15:00', 'YYYY-MM-DD HH24:MI:SS'), TO_DATE('2025-04-10 14:00:00', 'YYYY-MM-DD HH24:MI:SS'), 'APP000000004');

INSERT INTO CARD (CARDNUMBER, MAINCARDNO, CARDTYPE, CARDPRODUCT, CARDSTATUS, MGRFLAG, LASTUPDATEDTIME, CREATEDTIME, APPLICATIONID)
VALUES ('411111XXXXXX1005', NULL, 'PRIMARY', 'Visa Gold', 'CACT', 2, TO_DATE('2026-06-15 14:00:00', 'YYYY-MM-DD HH24:MI:SS'), TO_DATE('2025-05-12 09:00:00', 'YYYY-MM-DD HH24:MI:SS'), 'APP000000005');

INSERT INTO CARD (CARDNUMBER, MAINCARDNO, CARDTYPE, CARDPRODUCT, CARDSTATUS, MGRFLAG, LASTUPDATEDTIME, CREATEDTIME, APPLICATIONID)
VALUES ('411111XXXXXX1006', NULL, 'PRIMARY', 'Visa Platinum', 'CACT', 2, TO_DATE('2026-06-15 14:10:00', 'YYYY-MM-DD HH24:MI:SS'), TO_DATE('2025-06-05 11:00:00', 'YYYY-MM-DD HH24:MI:SS'), 'APP000000006');

INSERT INTO CARD (CARDNUMBER, MAINCARDNO, CARDTYPE, CARDPRODUCT, CARDSTATUS, MGRFLAG, LASTUPDATEDTIME, CREATEDTIME, APPLICATIONID)
VALUES ('411111XXXXXX1007', NULL, 'PRIMARY', 'Mastercard Gold', 'CACT', 2, TO_DATE('2026-06-15 14:20:00', 'YYYY-MM-DD HH24:MI:SS'), TO_DATE('2025-07-22 15:30:00', 'YYYY-MM-DD HH24:MI:SS'), 'APP000000007');

INSERT INTO CARD (CARDNUMBER, MAINCARDNO, CARDTYPE, CARDPRODUCT, CARDSTATUS, MGRFLAG, LASTUPDATEDTIME, CREATEDTIME, APPLICATIONID)
VALUES ('411111XXXXXX1008', NULL, 'PRIMARY', 'Mastercard Platinum', 'CACT', 3, TO_DATE('2026-06-16 11:00:00', 'YYYY-MM-DD HH24:MI:SS'), TO_DATE('2025-08-14 16:00:00', 'YYYY-MM-DD HH24:MI:SS'), 'APP000000008');

INSERT INTO CARD (CARDNUMBER, MAINCARDNO, CARDTYPE, CARDPRODUCT, CARDSTATUS, MGRFLAG, LASTUPDATEDTIME, CREATEDTIME, APPLICATIONID)
VALUES ('411111XXXXXX1009', NULL, 'PRIMARY', 'Visa Gold', 'CACT', 3, TO_DATE('2026-06-16 11:15:00', 'YYYY-MM-DD HH24:MI:SS'), TO_DATE('2025-09-01 10:00:00', 'YYYY-MM-DD HH24:MI:SS'), 'APP000000009');

INSERT INTO CARD (CARDNUMBER, MAINCARDNO, CARDTYPE, CARDPRODUCT, CARDSTATUS, MGRFLAG, LASTUPDATEDTIME, CREATEDTIME, APPLICATIONID)
VALUES ('411111XXXXXX1010', NULL, 'PRIMARY', 'Visa Platinum', 'CACT', 3, TO_DATE('2026-06-16 11:30:00', 'YYYY-MM-DD HH24:MI:SS'), TO_DATE('2025-09-15 12:00:00', 'YYYY-MM-DD HH24:MI:SS'), 'APP000000010');

INSERT INTO CARD (CARDNUMBER, MAINCARDNO, CARDTYPE, CARDPRODUCT, CARDSTATUS, MGRFLAG, LASTUPDATEDTIME, CREATEDTIME, APPLICATIONID)
VALUES ('411111XXXXXX1011', NULL, 'PRIMARY', 'Mastercard Gold', 'CACT', 4, TO_DATE('2026-06-15 14:22:00', 'YYYY-MM-DD HH24:MI:SS'), TO_DATE('2025-10-02 08:30:00', 'YYYY-MM-DD HH24:MI:SS'), 'APP000000011');

INSERT INTO CARD (CARDNUMBER, MAINCARDNO, CARDTYPE, CARDPRODUCT, CARDSTATUS, MGRFLAG, LASTUPDATEDTIME, CREATEDTIME, APPLICATIONID)
VALUES ('411111XXXXXX1012', NULL, 'PRIMARY', 'Mastercard Platinum', 'CACT', 4, TO_DATE('2026-06-15 15:30:00', 'YYYY-MM-DD HH24:MI:SS'), TO_DATE('2025-10-18 17:00:00', 'YYYY-MM-DD HH24:MI:SS'), 'APP000000012');


-- 2. SEED DATA FOR RECARDREQUEST TABLE
-- Pending / Processed / Completed / Failed request data matching cards in migration
INSERT INTO RECARDREQUEST (REQUESTID, PRIORITYLEVEL, REASON, REMARKS, STATUS, REQUESTEDUSER, APPROVEDUSER, LASTUPDATEDUSER, CREATEDTIME, LASTUPDATEDTIME, REJECTREMARK, ISMIGRATED, RENEWCONFIRMATION, REQUESTREASONCODE, CALLLOGID, MAINCARDNUMBER, REQUESTEDCARD, ASSOCIATEDCARD, CUSTOMERID, ACCOUNTNUMBER, APPLICATIONID, CARDCATEGORY, ISPRIMARY, BULKID, ASSIGNUSER)
VALUES ('REQ000000000000001', 'HIGH', 'Card Replacement', 'Damaged card replacement request', 'IN_PROGRESS', 'teller_01', 'mgr_01', 'system_batch', TO_DATE('2026-06-12 10:00:00', 'YYYY-MM-DD HH24:MI:SS'), TO_DATE('2026-06-12 10:00:00', 'YYYY-MM-DD HH24:MI:SS'), NULL, 'N', 'YES', 'CR01', 'CALL001', '411111XXXXXX1003', '411111XXXXXX1003', NULL, 'CUST001', 'ACT001', 'APP000000003', 'CAT1', 'TRUE', NULL, NULL);

INSERT INTO RECARDREQUEST (REQUESTID, PRIORITYLEVEL, REASON, REMARKS, STATUS, REQUESTEDUSER, APPROVEDUSER, LASTUPDATEDUSER, CREATEDTIME, LASTUPDATEDTIME, REJECTREMARK, ISMIGRATED, RENEWCONFIRMATION, REQUESTREASONCODE, CALLLOGID, MAINCARDNUMBER, REQUESTEDCARD, ASSOCIATEDCARD, CUSTOMERID, ACCOUNTNUMBER, APPLICATIONID, CARDCATEGORY, ISPRIMARY, BULKID, ASSIGNUSER)
VALUES ('REQ000000000000002', 'NORMAL', 'Product Change', 'Upgrade to Mastercard Platinum', 'IN_PROGRESS', 'teller_02', 'mgr_01', 'system_batch', TO_DATE('2026-06-12 10:15:00', 'YYYY-MM-DD HH24:MI:SS'), TO_DATE('2026-06-12 10:15:00', 'YYYY-MM-DD HH24:MI:SS'), NULL, 'N', 'YES', 'PC02', 'CALL002', '411111XXXXXX1004', '411111XXXXXX1004', NULL, 'CUST002', 'ACT002', 'APP000000004', 'CAT1', 'TRUE', NULL, NULL);

INSERT INTO RECARDREQUEST (REQUESTID, PRIORITYLEVEL, REASON, REMARKS, STATUS, REQUESTEDUSER, APPROVEDUSER, LASTUPDATEDUSER, CREATEDTIME, LASTUPDATEDTIME, REJECTREMARK, ISMIGRATED, RENEWCONFIRMATION, REQUESTREASONCODE, CALLLOGID, MAINCARDNUMBER, REQUESTEDCARD, ASSOCIATEDCARD, CUSTOMERID, ACCOUNTNUMBER, APPLICATIONID, CARDCATEGORY, ISPRIMARY, BULKID, ASSIGNUSER)
VALUES ('REQ000000000000003', 'HIGH', 'Card Replacement', 'Lost card replacement request', 'PENDING', 'teller_01', 'mgr_02', 'system_batch', TO_DATE('2026-06-15 14:00:00', 'YYYY-MM-DD HH24:MI:SS'), TO_DATE('2026-06-15 14:00:00', 'YYYY-MM-DD HH24:MI:SS'), NULL, 'N', 'YES', 'CR01', 'CALL003', '411111XXXXXX1005', '411111XXXXXX1005', NULL, 'CUST003', 'ACT003', 'APP000000005', 'CAT1', 'TRUE', NULL, NULL);

INSERT INTO RECARDREQUEST (REQUESTID, PRIORITYLEVEL, REASON, REMARKS, STATUS, REQUESTEDUSER, APPROVEDUSER, LASTUPDATEDUSER, CREATEDTIME, LASTUPDATEDTIME, REJECTREMARK, ISMIGRATED, RENEWCONFIRMATION, REQUESTREASONCODE, CALLLOGID, MAINCARDNUMBER, REQUESTEDCARD, ASSOCIATEDCARD, CUSTOMERID, ACCOUNTNUMBER, APPLICATIONID, CARDCATEGORY, ISPRIMARY, BULKID, ASSIGNUSER)
VALUES ('REQ000000000000004', 'NORMAL', 'Product Change', 'Upgrade to Visa Platinum', 'PENDING', 'teller_03', 'mgr_02', 'system_batch', TO_DATE('2026-06-15 14:10:00', 'YYYY-MM-DD HH24:MI:SS'), TO_DATE('2026-06-15 14:10:00', 'YYYY-MM-DD HH24:MI:SS'), NULL, 'N', 'YES', 'PC01', 'CALL004', '411111XXXXXX1006', '411111XXXXXX1006', NULL, 'CUST004', 'ACT004', 'APP000000006', 'CAT1', 'TRUE', NULL, NULL);

INSERT INTO RECARDREQUEST (REQUESTID, PRIORITYLEVEL, REASON, REMARKS, STATUS, REQUESTEDUSER, APPROVEDUSER, LASTUPDATEDUSER, CREATEDTIME, LASTUPDATEDTIME, REJECTREMARK, ISMIGRATED, RENEWCONFIRMATION, REQUESTREASONCODE, CALLLOGID, MAINCARDNUMBER, REQUESTEDCARD, ASSOCIATEDCARD, CUSTOMERID, ACCOUNTNUMBER, APPLICATIONID, CARDCATEGORY, ISPRIMARY, BULKID, ASSIGNUSER)
VALUES ('REQ000000000000005', 'HIGH', 'Card Replacement', 'Card demagnetized', 'PENDING', 'teller_01', 'mgr_01', 'system_batch', TO_DATE('2026-06-15 14:20:00', 'YYYY-MM-DD HH24:MI:SS'), TO_DATE('2026-06-15 14:20:00', 'YYYY-MM-DD HH24:MI:SS'), NULL, 'N', 'YES', 'CR01', 'CALL005', '411111XXXXXX1007', '411111XXXXXX1007', NULL, 'CUST005', 'ACT005', 'APP000000007', 'CAT1', 'TRUE', NULL, NULL);

INSERT INTO RECARDREQUEST (REQUESTID, PRIORITYLEVEL, REASON, REMARKS, STATUS, REQUESTEDUSER, APPROVEDUSER, LASTUPDATEDUSER, CREATEDTIME, LASTUPDATEDTIME, REJECTREMARK, ISMIGRATED, RENEWCONFIRMATION, REQUESTREASONCODE, CALLLOGID, MAINCARDNUMBER, REQUESTEDCARD, ASSOCIATEDCARD, CUSTOMERID, ACCOUNTNUMBER, APPLICATIONID, CARDCATEGORY, ISPRIMARY, BULKID, ASSIGNUSER)
VALUES ('REQ000000000000006', 'NORMAL', 'Product Change', 'Migration Completed - Upgrade', 'COMPLETED', 'system', 'mgr_01', 'system_batch', TO_DATE('2026-06-16 11:00:00', 'YYYY-MM-DD HH24:MI:SS'), TO_DATE('2026-06-16 11:00:00', 'YYYY-MM-DD HH24:MI:SS'), NULL, 'Y', 'YES', 'PC02', 'CALL006', '411111XXXXXX1008', '411111XXXXXX1008', NULL, 'CUST006', 'ACT006', 'APP000000008', 'CAT1', 'TRUE', NULL, NULL);

INSERT INTO RECARDREQUEST (REQUESTID, PRIORITYLEVEL, REASON, REMARKS, STATUS, REQUESTEDUSER, APPROVEDUSER, LASTUPDATEDUSER, CREATEDTIME, LASTUPDATEDTIME, REJECTREMARK, ISMIGRATED, RENEWCONFIRMATION, REQUESTREASONCODE, CALLLOGID, MAINCARDNUMBER, REQUESTEDCARD, ASSOCIATEDCARD, CUSTOMERID, ACCOUNTNUMBER, APPLICATIONID, CARDCATEGORY, ISPRIMARY, BULKID, ASSIGNUSER)
VALUES ('REQ000000000000007', 'HIGH', 'Card Replacement', 'Migration Completed - Replacement', 'COMPLETED', 'system', 'mgr_02', 'system_batch', TO_DATE('2026-06-16 11:15:00', 'YYYY-MM-DD HH24:MI:SS'), TO_DATE('2026-06-16 11:15:00', 'YYYY-MM-DD HH24:MI:SS'), NULL, 'Y', 'YES', 'CR01', 'CALL007', '411111XXXXXX1009', '411111XXXXXX1009', NULL, 'CUST007', 'ACT007', 'APP000000009', 'CAT1', 'TRUE', NULL, NULL);

INSERT INTO RECARDREQUEST (REQUESTID, PRIORITYLEVEL, REASON, REMARKS, STATUS, REQUESTEDUSER, APPROVEDUSER, LASTUPDATEDUSER, CREATEDTIME, LASTUPDATEDTIME, REJECTREMARK, ISMIGRATED, RENEWCONFIRMATION, REQUESTREASONCODE, CALLLOGID, MAINCARDNUMBER, REQUESTEDCARD, ASSOCIATEDCARD, CUSTOMERID, ACCOUNTNUMBER, APPLICATIONID, CARDCATEGORY, ISPRIMARY, BULKID, ASSIGNUSER)
VALUES ('REQ000000000000008', 'NORMAL', 'Product Change', 'Migration Completed - Upgrade', 'COMPLETED', 'system', 'mgr_01', 'system_batch', TO_DATE('2026-06-16 11:30:00', 'YYYY-MM-DD HH24:MI:SS'), TO_DATE('2026-06-16 11:30:00', 'YYYY-MM-DD HH24:MI:SS'), NULL, 'Y', 'YES', 'PC01', 'CALL008', '411111XXXXXX1010', '411111XXXXXX1010', NULL, 'CUST008', 'ACT008', 'APP000000010', 'CAT1', 'TRUE', NULL, NULL);

INSERT INTO RECARDREQUEST (REQUESTID, PRIORITYLEVEL, REASON, REMARKS, STATUS, REQUESTEDUSER, APPROVEDUSER, LASTUPDATEDUSER, CREATEDTIME, LASTUPDATEDTIME, REJECTREMARK, ISMIGRATED, RENEWCONFIRMATION, REQUESTREASONCODE, CALLLOGID, MAINCARDNUMBER, REQUESTEDCARD, ASSOCIATEDCARD, CUSTOMERID, ACCOUNTNUMBER, APPLICATIONID, CARDCATEGORY, ISPRIMARY, BULKID, ASSIGNUSER)
VALUES ('REQ000000000000009', 'HIGH', 'Card Replacement', 'Failed recarding attempt', 'FAILED', 'teller_01', 'mgr_01', 'system_batch', TO_DATE('2026-06-15 14:22:00', 'YYYY-MM-DD HH24:MI:SS'), TO_DATE('2026-06-15 14:22:00', 'YYYY-MM-DD HH24:MI:SS'), 'Customer KYC mismatch', 'N', 'NO', 'CR01', 'CALL009', '411111XXXXXX1011', '411111XXXXXX1011', NULL, 'CUST009', 'ACT009', 'APP000000011', 'CAT1', 'TRUE', NULL, NULL);

INSERT INTO RECARDREQUEST (REQUESTID, PRIORITYLEVEL, REASON, REMARKS, STATUS, REQUESTEDUSER, APPROVEDUSER, LASTUPDATEDUSER, CREATEDTIME, LASTUPDATEDTIME, REJECTREMARK, ISMIGRATED, RENEWCONFIRMATION, REQUESTREASONCODE, CALLLOGID, MAINCARDNUMBER, REQUESTEDCARD, ASSOCIATEDCARD, CUSTOMERID, ACCOUNTNUMBER, APPLICATIONID, CARDCATEGORY, ISPRIMARY, BULKID, ASSIGNUSER)
VALUES ('REQ000000000000010', 'NORMAL', 'Product Change', 'Failed upgrade attempt', 'FAILED', 'teller_02', 'mgr_02', 'system_batch', TO_DATE('2026-06-15 15:30:00', 'YYYY-MM-DD HH24:MI:SS'), TO_DATE('2026-06-15 15:30:00', 'YYYY-MM-DD HH24:MI:SS'), 'Account frozen', 'N', 'NO', 'PC02', 'CALL010', '411111XXXXXX1012', '411111XXXXXX1012', NULL, 'CUST010', 'ACT010', 'APP000000012', 'CAT1', 'TRUE', NULL, NULL);
*/

-- ==========================================
-- 3. SEED DATA FOR MD_ENGINE_CONFIGURATIONS (NEW TABLE)
-- ==========================================
INSERT INTO MD_ENGINE_CONFIGURATIONS (ENGINEID, ENGINESTATUS, LASTEXECUTIONTIME, NEXTSCHEDULEDRUNTIME, CARDSPROCESSEDPERRUN, AVGPROCESSINGTIMEPERCARD, THREADSRUNPARALLEL, BATCHSIZE, PERIOD, LASTUPDATEDTIME)
VALUES ('MSE-01', 1, TO_DATE('2026-06-16 10:30:00', 'YYYY-MM-DD HH24:MI:SS'), TO_DATE('2026-06-16 10:45:00', 'YYYY-MM-DD HH24:MI:SS'), 500, 0.85, 10, 500, '10:30-10:45', TO_DATE('2026-06-16 10:30:00', 'YYYY-MM-DD HH24:MI:SS'));

INSERT INTO MD_ENGINE_CONFIGURATIONS (ENGINEID, ENGINESTATUS, LASTEXECUTIONTIME, NEXTSCHEDULEDRUNTIME, CARDSPROCESSEDPERRUN, AVGPROCESSINGTIMEPERCARD, THREADSRUNPARALLEL, BATCHSIZE, PERIOD, LASTUPDATEDTIME)
VALUES ('MSE-02', 0, TO_DATE('2026-06-16 10:00:00', 'YYYY-MM-DD HH24:MI:SS'), TO_DATE('2026-06-16 11:00:00', 'YYYY-MM-DD HH24:MI:SS'), 250, 1.12, 4, 250, '10:00-10:15', TO_DATE('2026-06-16 10:00:00', 'YYYY-MM-DD HH24:MI:SS'));


-- ==========================================
-- 4. SEED DATA FOR MD_ENGINE_EXECUTION_LOG (NEW TABLE)
-- ==========================================
-- Inserts ~20 history records to exercise pagination, sorting, and filtering
INSERT INTO MD_ENGINE_EXECUTION_LOG (RUNID, STARTTIME, ENDTIME, STATUS, CARDSPROCESSED, AVGTIMEPERCARD, THREADCOUNT, BATCHSIZE, ERRORCOUNT, ERRORMESSAGE)
VALUES ('RUN-20260616-01', TO_DATE('2026-06-16 10:30:00', 'YYYY-MM-DD HH24:MI:SS'), TO_DATE('2026-06-16 10:31:30', 'YYYY-MM-DD HH24:MI:SS'), 'SUCCESS', 500, 0.85, 10, 500, 0, NULL);

INSERT INTO MD_ENGINE_EXECUTION_LOG (RUNID, STARTTIME, ENDTIME, STATUS, CARDSPROCESSED, AVGTIMEPERCARD, THREADCOUNT, BATCHSIZE, ERRORCOUNT, ERRORMESSAGE)
VALUES ('RUN-20260616-02', TO_DATE('2026-06-16 10:15:00', 'YYYY-MM-DD HH24:MI:SS'), TO_DATE('2026-06-16 10:16:40', 'YYYY-MM-DD HH24:MI:SS'), 'SUCCESS', 480, 0.82, 10, 500, 0, NULL);

INSERT INTO MD_ENGINE_EXECUTION_LOG (RUNID, STARTTIME, ENDTIME, STATUS, CARDSPROCESSED, AVGTIMEPERCARD, THREADCOUNT, BATCHSIZE, ERRORCOUNT, ERRORMESSAGE)
VALUES ('RUN-20260616-03', TO_DATE('2026-06-16 10:00:00', 'YYYY-MM-DD HH24:MI:SS'), TO_DATE('2026-06-16 10:02:10', 'YYYY-MM-DD HH24:MI:SS'), 'FAILED', 250, 1.12, 4, 250, 12, 'Oracle connection pool exhausted during processing');

INSERT INTO MD_ENGINE_EXECUTION_LOG (RUNID, STARTTIME, ENDTIME, STATUS, CARDSPROCESSED, AVGTIMEPERCARD, THREADCOUNT, BATCHSIZE, ERRORCOUNT, ERRORMESSAGE)
VALUES ('RUN-20260616-04', TO_DATE('2026-06-16 09:45:00', 'YYYY-MM-DD HH24:MI:SS'), TO_DATE('2026-06-16 09:46:20', 'YYYY-MM-DD HH24:MI:SS'), 'SUCCESS', 500, 0.88, 10, 500, 0, NULL);

INSERT INTO MD_ENGINE_EXECUTION_LOG (RUNID, STARTTIME, ENDTIME, STATUS, CARDSPROCESSED, AVGTIMEPERCARD, THREADCOUNT, BATCHSIZE, ERRORCOUNT, ERRORMESSAGE)
VALUES ('RUN-20260616-05', TO_DATE('2026-06-16 09:30:00', 'YYYY-MM-DD HH24:MI:SS'), TO_DATE('2026-06-16 09:31:15', 'YYYY-MM-DD HH24:MI:SS'), 'SUCCESS', 450, 0.90, 8, 500, 0, NULL);

INSERT INTO MD_ENGINE_EXECUTION_LOG (RUNID, STARTTIME, ENDTIME, STATUS, CARDSPROCESSED, AVGTIMEPERCARD, THREADCOUNT, BATCHSIZE, ERRORCOUNT, ERRORMESSAGE)
VALUES ('RUN-20260616-06', TO_DATE('2026-06-16 09:15:00', 'YYYY-MM-DD HH24:MI:SS'), TO_DATE('2026-06-16 09:16:30', 'YYYY-MM-DD HH24:MI:SS'), 'SUCCESS', 500, 0.84, 10, 500, 0, NULL);

INSERT INTO MD_ENGINE_EXECUTION_LOG (RUNID, STARTTIME, ENDTIME, STATUS, CARDSPROCESSED, AVGTIMEPERCARD, THREADCOUNT, BATCHSIZE, ERRORCOUNT, ERRORMESSAGE)
VALUES ('RUN-20260616-07', TO_DATE('2026-06-16 09:00:00', 'YYYY-MM-DD HH24:MI:SS'), TO_DATE('2026-06-16 09:01:25', 'YYYY-MM-DD HH24:MI:SS'), 'SUCCESS', 490, 0.87, 10, 500, 0, NULL);

INSERT INTO MD_ENGINE_EXECUTION_LOG (RUNID, STARTTIME, ENDTIME, STATUS, CARDSPROCESSED, AVGTIMEPERCARD, THREADCOUNT, BATCHSIZE, ERRORCOUNT, ERRORMESSAGE)
VALUES ('RUN-20260616-08', TO_DATE('2026-06-16 08:45:00', 'YYYY-MM-DD HH24:MI:SS'), TO_DATE('2026-06-16 08:46:18', 'YYYY-MM-DD HH24:MI:SS'), 'SUCCESS', 500, 0.83, 10, 500, 0, NULL);

INSERT INTO MD_ENGINE_EXECUTION_LOG (RUNID, STARTTIME, ENDTIME, STATUS, CARDSPROCESSED, AVGTIMEPERCARD, THREADCOUNT, BATCHSIZE, ERRORCOUNT, ERRORMESSAGE)
VALUES ('RUN-20260616-09', TO_DATE('2026-06-16 08:30:00', 'YYYY-MM-DD HH24:MI:SS'), TO_DATE('2026-06-16 08:31:10', 'YYYY-MM-DD HH24:MI:SS'), 'SUCCESS', 400, 0.92, 8, 500, 0, NULL);

INSERT INTO MD_ENGINE_EXECUTION_LOG (RUNID, STARTTIME, ENDTIME, STATUS, CARDSPROCESSED, AVGTIMEPERCARD, THREADCOUNT, BATCHSIZE, ERRORCOUNT, ERRORMESSAGE)
VALUES ('RUN-20260616-10', TO_DATE('2026-06-16 08:15:00', 'YYYY-MM-DD HH24:MI:SS'), TO_DATE('2026-06-16 08:16:30', 'YYYY-MM-DD HH24:MI:SS'), 'SUCCESS', 500, 0.86, 10, 500, 0, NULL);

INSERT INTO MD_ENGINE_EXECUTION_LOG (RUNID, STARTTIME, ENDTIME, STATUS, CARDSPROCESSED, AVGTIMEPERCARD, THREADCOUNT, BATCHSIZE, ERRORCOUNT, ERRORMESSAGE)
VALUES ('RUN-20260616-11', TO_DATE('2026-06-16 08:00:00', 'YYYY-MM-DD HH24:MI:SS'), TO_DATE('2026-06-16 08:01:22', 'YYYY-MM-DD HH24:MI:SS'), 'SUCCESS', 485, 0.88, 10, 500, 0, NULL);

INSERT INTO MD_ENGINE_EXECUTION_LOG (RUNID, STARTTIME, ENDTIME, STATUS, CARDSPROCESSED, AVGTIMEPERCARD, THREADCOUNT, BATCHSIZE, ERRORCOUNT, ERRORMESSAGE)
VALUES ('RUN-20260616-12', TO_DATE('2026-06-16 07:45:00', 'YYYY-MM-DD HH24:MI:SS'), TO_DATE('2026-06-16 07:46:15', 'YYYY-MM-DD HH24:MI:SS'), 'SUCCESS', 500, 0.85, 10, 500, 0, NULL);

INSERT INTO MD_ENGINE_EXECUTION_LOG (RUNID, STARTTIME, ENDTIME, STATUS, CARDSPROCESSED, AVGTIMEPERCARD, THREADCOUNT, BATCHSIZE, ERRORCOUNT, ERRORMESSAGE)
VALUES ('RUN-20260616-13', TO_DATE('2026-06-16 07:30:00', 'YYYY-MM-DD HH24:MI:SS'), TO_DATE('2026-06-16 07:31:10', 'YYYY-MM-DD HH24:MI:SS'), 'SUCCESS', 420, 0.91, 8, 500, 0, NULL);

INSERT INTO MD_ENGINE_EXECUTION_LOG (RUNID, STARTTIME, ENDTIME, STATUS, CARDSPROCESSED, AVGTIMEPERCARD, THREADCOUNT, BATCHSIZE, ERRORCOUNT, ERRORMESSAGE)
VALUES ('RUN-20260616-14', TO_DATE('2026-06-16 07:15:00', 'YYYY-MM-DD HH24:MI:SS'), TO_DATE('2026-06-16 07:16:32', 'YYYY-MM-DD HH24:MI:SS'), 'SUCCESS', 500, 0.85, 10, 500, 0, NULL);

INSERT INTO MD_ENGINE_EXECUTION_LOG (RUNID, STARTTIME, ENDTIME, STATUS, CARDSPROCESSED, AVGTIMEPERCARD, THREADCOUNT, BATCHSIZE, ERRORCOUNT, ERRORMESSAGE)
VALUES ('RUN-20260616-15', TO_DATE('2026-06-16 07:00:00', 'YYYY-MM-DD HH24:MI:SS'), TO_DATE('2026-06-16 07:01:25', 'YYYY-MM-DD HH24:MI:SS'), 'SUCCESS', 495, 0.89, 10, 500, 0, NULL);

INSERT INTO MD_ENGINE_EXECUTION_LOG (RUNID, STARTTIME, ENDTIME, STATUS, CARDSPROCESSED, AVGTIMEPERCARD, THREADCOUNT, BATCHSIZE, ERRORCOUNT, ERRORMESSAGE)
VALUES ('RUN-20260616-16', TO_DATE('2026-06-16 06:45:00', 'YYYY-MM-DD HH24:MI:SS'), TO_DATE('2026-06-16 06:46:18', 'YYYY-MM-DD HH24:MI:SS'), 'SUCCESS', 500, 0.84, 10, 500, 0, NULL);

INSERT INTO MD_ENGINE_EXECUTION_LOG (RUNID, STARTTIME, ENDTIME, STATUS, CARDSPROCESSED, AVGTIMEPERCARD, THREADCOUNT, BATCHSIZE, ERRORCOUNT, ERRORMESSAGE)
VALUES ('RUN-20260616-17', TO_DATE('2026-06-16 06:30:00', 'YYYY-MM-DD HH24:MI:SS'), TO_DATE('2026-06-16 06:31:10', 'YYYY-MM-DD HH24:MI:SS'), 'SUCCESS', 390, 0.94, 8, 500, 0, NULL);

INSERT INTO MD_ENGINE_EXECUTION_LOG (RUNID, STARTTIME, ENDTIME, STATUS, CARDSPROCESSED, AVGTIMEPERCARD, THREADCOUNT, BATCHSIZE, ERRORCOUNT, ERRORMESSAGE)
VALUES ('RUN-20260616-18', TO_DATE('2026-06-16 06:15:00', 'YYYY-MM-DD HH24:MI:SS'), TO_DATE('2026-06-16 06:16:30', 'YYYY-MM-DD HH24:MI:SS'), 'SUCCESS', 500, 0.85, 10, 500, 0, NULL);

INSERT INTO MD_ENGINE_EXECUTION_LOG (RUNID, STARTTIME, ENDTIME, STATUS, CARDSPROCESSED, AVGTIMEPERCARD, THREADCOUNT, BATCHSIZE, ERRORCOUNT, ERRORMESSAGE)
VALUES ('RUN-20260616-19', TO_DATE('2026-06-16 06:00:00', 'YYYY-MM-DD HH24:MI:SS'), TO_DATE('2026-06-16 06:01:20', 'YYYY-MM-DD HH24:MI:SS'), 'SUCCESS', 480, 0.90, 10, 500, 0, NULL);

INSERT INTO MD_ENGINE_EXECUTION_LOG (RUNID, STARTTIME, ENDTIME, STATUS, CARDSPROCESSED, AVGTIMEPERCARD, THREADCOUNT, BATCHSIZE, ERRORCOUNT, ERRORMESSAGE)
VALUES ('RUN-20260616-20', TO_DATE('2026-06-16 05:45:00', 'YYYY-MM-DD HH24:MI:SS'), TO_DATE('2026-06-16 05:46:15', 'YYYY-MM-DD HH24:MI:SS'), 'SUCCESS', 500, 0.83, 10, 500, 0, NULL);

INSERT INTO MD_ENGINE_EXECUTION_LOG (RUNID, STARTTIME, ENDTIME, STATUS, CARDSPROCESSED, AVGTIMEPERCARD, THREADCOUNT, BATCHSIZE, ERRORCOUNT, ERRORMESSAGE)
VALUES ('RUN-20260616-21', TO_DATE('2026-06-16 05:30:00', 'YYYY-MM-DD HH24:MI:SS'), TO_DATE('2026-06-16 05:31:12', 'YYYY-MM-DD HH24:MI:SS'), 'SUCCESS', 410, 0.93, 8, 500, 0, NULL);

INSERT INTO MD_ENGINE_EXECUTION_LOG (RUNID, STARTTIME, ENDTIME, STATUS, CARDSPROCESSED, AVGTIMEPERCARD, THREADCOUNT, BATCHSIZE, ERRORCOUNT, ERRORMESSAGE)
VALUES ('RUN-20260616-22', TO_DATE('2026-06-16 05:15:00', 'YYYY-MM-DD HH24:MI:SS'), TO_DATE('2026-06-16 05:16:30', 'YYYY-MM-DD HH24:MI:SS'), 'SUCCESS', 500, 0.86, 10, 500, 0, NULL);
